CREATE TABLE Groups
(
    id   BIGINT GENERATED BY DEFAULT AS IDENTITY PRIMARY KEY,
    name VARCHAR(50) UNIQUE
);

CREATE TABLE Universities
(
    id   BIGINT GENERATED BY DEFAULT AS IDENTITY PRIMARY KEY,
    name VARCHAR(100) UNIQUE
);

CREATE TABLE Students
(
    chat_id         BIGINT PRIMARY KEY,
    name            VARCHAR(255),
    surname         VARCHAR(255),
    father_name     VARCHAR(255),
    university_name VARCHAR(100) REFERENCES Universities (name),
    group_name      VARCHAR(50) REFERENCES Groups (name)
);

CREATE TABLE Disciplines
(
    id   BIGINT GENERATED BY DEFAULT AS IDENTITY PRIMARY KEY,
    name VARCHAR(100) UNIQUE
);

CREATE TABLE Tests
(
    test_id         BIGINT GENERATED BY DEFAULT AS IDENTITY PRIMARY KEY,
    test_name       VARCHAR(100),
    discipline_name VARCHAR(100) REFERENCES Disciplines (name)
);

CREATE TABLE Discipline_Groups
(
    discipline_group_id BIGINT GENERATED BY DEFAULT AS IDENTITY PRIMARY KEY,
    discipline_id       BIGINT REFERENCES Disciplines (id),
    group_id            BIGINT REFERENCES Groups (id)
);

CREATE TABLE Questions
(
    id            BIGINT GENERATED BY DEFAULT AS IDENTITY PRIMARY KEY,
    question_text TEXT NOT NULL
);
CREATE TABLE Answers
(
    id          BIGINT GENERATED BY DEFAULT AS IDENTITY PRIMARY KEY,
    question_id BIGINT REFERENCES Questions (id),
    answer      TEXT,
    correct     BOOLEAN DEFAULT FALSE
);

CREATE TABLE Test_Questions
(
    id          BIGINT GENERATED BY DEFAULT AS IDENTITY PRIMARY KEY,
    test_id     BIGINT REFERENCES Tests (test_id),
    question_id BIGINT REFERENCES Questions (id)
);
CREATE TABLE Results
(
    id          BIGINT GENERATED BY DEFAULT AS IDENTITY PRIMARY KEY,
    user_id     BIGINT REFERENCES Students (chat_id),
    test_id     BIGINT REFERENCES Tests (test_id),
    question_id BIGINT REFERENCES Questions (id),
    answer      TEXT NOT NULL
);
CREATE TABLE Users
(
    id          BIGINT GENERATED BY DEFAULT AS IDENTITY PRIMARY KEY,
    fullname    TEXT,
    description TEXT,
    password    TEXT NOT NULL,
    email       TEXT NOT NULL,
    role        TEXT
);
CREATE TABLE Users_Groups
(
    id       BIGINT GENERATED BY DEFAULT AS IDENTITY PRIMARY KEY,
    group_id BIGINT REFERENCES Groups (id),
    user_id  BIGINT REFERENCES Users (id) ON DELETE CASCADE
);

INSERT INTO Users (fullname, description, password, email, role)
VALUES ('superadmin', 'superadmin', '$2a$04$Fx/SX9.BAvtPlMyIIqqFx.hLY2Xp8nnhpzvEEVINvVpwIPbA3v/.i',
        'superadmin', 'ROLE_SUPERADMIN');

INSERT INTO Universities(id, name)
VALUES (1, 'Университет "Дубна"');

INSERT INTO Groups(id, name)
VALUES (1, '4253'),
       (2, '4254'),
       (3, '4255');
INSERT INTO Disciplines (id, name)
VALUES (1, 'Mathematics'),
       (2, 'Physics'),
       (3, 'Computer Science');
INSERT INTO Discipline_Groups (discipline_group_id, discipline_id, group_id)
VALUES (1, 1, 1),
       (2, 2, 1),
       (3, 2, 2),
       (4, 1, 2),
       (5, 3, 3),
       (6, 3, 1),
       (7, 3, 2),
       (8, 2, 3);

INSERT INTO Tests (test_id, test_name, discipline_name)
VALUES (1, 'Math Test 1', 'Mathematics'),
       (2, 'Physics Test 1', 'Physics'),
       (3, 'Programming Test 1', 'Computer Science');
INSERT INTO Questions (id, question_text)
VALUES (1, 'What is 2 + 2?'),
       (2, 'What is the capital of France?'),
       (3, 'What is the main programming language in this course?');
INSERT INTO Answers (id, question_id, answer, correct)
VALUES (1, 1, '4', TRUE),
       (2, 1, '5', FALSE),
       (3, 2, 'Paris', TRUE),
       (4, 3, 'Java', TRUE),
       (5, 3, 'Python', FALSE);
INSERT INTO Test_Questions (id, test_id, question_id)
VALUES (1, 1, 1),
       (2, 1, 2),
       (3, 2, 1),
       (4, 2, 3),
       (5, 3, 2),
       (6, 1, 3);






